-- phpMyAdmin SQL Dump
-- version 5.2.1
-- https://www.phpmyadmin.net/
--
-- Host: 127.0.0.1
-- Generation Time: Feb 03, 2026 at 10:37 PM
-- Server version: 10.4.32-MariaDB
-- PHP Version: 8.2.12

SET SQL_MODE = "NO_AUTO_VALUE_ON_ZERO";
START TRANSACTION;
SET time_zone = "+00:00";


/*!40101 SET @OLD_CHARACTER_SET_CLIENT=@@CHARACTER_SET_CLIENT */;
/*!40101 SET @OLD_CHARACTER_SET_RESULTS=@@CHARACTER_SET_RESULTS */;
/*!40101 SET @OLD_COLLATION_CONNECTION=@@COLLATION_CONNECTION */;
/*!40101 SET NAMES utf8mb4 */;

--
-- Database: `example_app`
--

-- --------------------------------------------------------

--
-- Table structure for table `cache`
--

CREATE TABLE `cache` (
  `key` varchar(255) NOT NULL,
  `value` mediumtext NOT NULL,
  `expiration` int(11) NOT NULL
) ENGINE=InnoDB DEFAULT CHARSET=utf8mb4 COLLATE=utf8mb4_unicode_ci;

-- --------------------------------------------------------

--
-- Table structure for table `cache_locks`
--

CREATE TABLE `cache_locks` (
  `key` varchar(255) NOT NULL,
  `owner` varchar(255) NOT NULL,
  `expiration` int(11) NOT NULL
) ENGINE=InnoDB DEFAULT CHARSET=utf8mb4 COLLATE=utf8mb4_unicode_ci;

-- --------------------------------------------------------

--
-- Table structure for table `categories`
--

CREATE TABLE `categories` (
  `id` bigint(20) UNSIGNED NOT NULL,
  `name` varchar(50) NOT NULL,
  `user_id` bigint(20) UNSIGNED NOT NULL,
  `created_at` timestamp NOT NULL DEFAULT current_timestamp(),
  `updated_at` timestamp NOT NULL DEFAULT current_timestamp() ON UPDATE current_timestamp()
) ENGINE=InnoDB DEFAULT CHARSET=utf8mb4 COLLATE=utf8mb4_unicode_ci;

--
-- Dumping data for table `categories`
--

INSERT INTO `categories` (`id`, `name`, `user_id`, `created_at`, `updated_at`) VALUES
(1, 'New Category Name', 1, '2024-08-19 07:48:13', '2024-12-30 19:39:30'),
(2, 'Pastries & Croissants', 1, '2024-08-19 07:48:18', '2024-08-19 07:48:18'),
(3, 'Cakes & Tortes', 1, '2024-08-19 07:48:23', '2024-08-19 07:48:23'),
(4, 'Muffins & Cupcakes', 1, '2024-08-19 07:48:28', '2024-08-19 07:48:28'),
(5, 'Cookies & Biscotti', 1, '2024-08-19 07:48:34', '2024-08-19 07:48:34'),
(7, 'Sandwiches & Savory Bake', 1, '2024-08-19 07:48:55', '2024-08-20 15:26:16'),
(8, 'Gluten-Free Treats', 1, '2024-08-19 07:48:59', '2024-08-19 07:48:59'),
(9, 'Vegan & Dairy-Free Delights', 1, '2024-08-19 07:49:04', '2024-08-19 07:49:04'),
(11, 'Driy 1', 3, '2024-08-20 15:31:37', '2024-08-20 15:31:37'),
(12, 'Shirt', 4, '2024-08-20 15:45:20', '2024-08-20 15:45:20'),
(13, 'Gents Pant', 4, '2024-08-20 15:45:32', '2024-08-20 15:45:47'),
(15, 'cat1', 5, '2024-08-21 09:02:36', '2024-08-21 09:02:36'),
(19, 'mango', 1, '2024-08-22 09:46:14', '2024-08-22 09:46:14'),
(23, 'asassfsdf', 1, '2024-08-22 09:46:46', '2024-08-22 09:46:46'),
(25, 'errtretert', 1, '2024-08-22 14:32:18', '2024-08-22 14:32:18'),
(26, 'test', 1, '2024-08-23 14:06:01', '2024-08-23 14:06:01'),
(27, 'test123q32e123123', 1, '2024-08-23 18:42:06', '2024-09-03 17:45:09'),
(28, 'Fruits', 18, '2024-08-25 09:22:43', '2024-08-25 09:22:43'),
(29, 'Mobile', 7, '2024-08-25 11:15:23', '2024-08-25 11:15:23'),
(30, 'Laptop', 7, '2024-08-25 11:15:33', '2024-08-25 11:15:33'),
(33, 'Monitor', 20, '2024-08-26 02:21:47', '2024-08-26 02:21:47'),
(34, 'Laptop', 20, '2024-08-26 02:21:56', '2024-08-26 02:21:56'),
(35, 'Motherboard', 20, '2024-08-26 02:22:06', '2024-08-26 02:22:06'),
(36, 'Processor', 20, '2024-08-26 02:22:19', '2024-08-26 02:22:19'),
(37, 'RAM', 20, '2024-08-26 02:22:27', '2024-08-26 02:22:35'),
(38, 'Power Supply', 20, '2024-08-26 02:22:47', '2024-08-26 02:22:47'),
(39, 'Graphics Card', 20, '2024-08-26 02:22:58', '2024-08-26 02:22:58'),
(40, 'Solid State Drive (SSD)', 20, '2024-08-26 02:23:22', '2024-08-26 02:23:22'),
(41, 'Hard Disk Drive (HDD)', 20, '2024-08-26 02:23:41', '2024-08-26 02:23:41'),
(42, 'CPU Cooler', 20, '2024-08-26 02:23:53', '2024-08-26 02:23:53'),
(43, 'Casing', 20, '2024-08-26 02:24:00', '2024-08-26 02:24:00'),
(44, 'Keyboard', 20, '2024-08-26 02:24:06', '2024-08-26 02:24:06'),
(45, 'Mouse', 20, '2024-08-26 02:24:13', '2024-08-26 02:24:13'),
(46, 'Speaker', 20, '2024-08-26 02:24:19', '2024-08-26 02:24:19'),
(47, 'Headphone', 20, '2024-08-26 02:24:29', '2024-08-26 02:24:29'),
(48, 'AdvanceCNC', 23, '2024-08-26 13:23:37', '2024-08-26 13:23:37'),
(49, 'Best CNC', 23, '2024-08-26 13:23:56', '2024-08-26 13:23:56'),
(50, 'Nature', 2, '2024-08-28 06:31:46', '2024-08-28 06:31:46'),
(53, 'Juice', 26, '2024-09-02 18:25:43', '2024-09-02 18:25:43'),
(54, 'smart watch (Rolex)', 7, '2024-09-04 04:59:21', '2024-09-10 04:29:29'),
(55, 'Shart', 28, '2024-09-06 13:49:03', '2024-09-06 13:49:03'),
(56, 'Panjabi', 28, '2024-09-06 13:49:10', '2024-09-06 13:49:10'),
(57, 'Mechanical Keyboard', 7, '2024-09-08 08:47:52', '2024-09-08 08:56:27'),
(58, 'test new', 1, '2024-09-18 09:37:41', '2024-10-08 05:01:12'),
(59, 'mobile', 36, '2024-10-06 22:46:28', '2024-10-06 22:46:28'),
(60, 'laptop', 36, '2024-10-06 22:46:39', '2024-10-06 22:46:39'),
(61, 'food', 37, '2024-10-07 04:50:49', '2024-10-07 04:50:49'),
(62, 'test', 40, '2024-10-07 08:59:36', '2024-10-07 08:59:36'),
(63, 'food', 42, '2024-10-08 04:57:20', '2024-10-08 04:57:20'),
(66, 'Alana Cunningham', 49, '2024-10-11 22:25:49', '2024-10-11 22:25:49'),
(70, 'Cake', 51, '2024-10-12 21:06:53', '2024-10-12 21:06:53'),
(71, 'Biscuit', 51, '2024-10-12 21:08:18', '2024-10-12 21:08:18'),
(72, 'Laptop', 1, '2024-10-14 04:18:25', '2024-10-14 04:18:25'),
(74, 'Phonea', 1, '2024-10-14 04:30:55', '2024-10-14 09:00:53'),
(78, 'Bat', 53, '2024-10-22 18:29:04', '2024-10-22 18:29:04'),
(79, 'Ball', 53, '2024-10-22 18:29:11', '2024-10-22 18:29:11'),
(80, 'Glove', 53, '2024-10-22 18:29:18', '2024-10-22 18:29:18'),
(81, 'Thigh Pad', 53, '2024-10-22 18:29:34', '2024-10-22 18:29:34'),
(82, 'Pad', 53, '2024-10-22 18:29:39', '2024-10-22 18:29:39'),
(83, 'Jersey', 53, '2024-10-22 18:29:57', '2024-10-22 18:29:57'),
(84, 'mo', 1, '2024-10-25 17:18:11', '2024-10-25 17:18:11'),
(85, 'Abul & co', 65, '2024-10-27 13:42:02', '2024-10-27 13:42:02'),
(86, 'orange', 1, '2024-11-03 14:09:17', '2024-11-03 14:09:17'),
(99, 'TECHNOLOGY', 87, '2024-12-24 22:28:20', '2024-12-24 22:28:20'),
(100, 'SPORTS', 87, '2024-12-24 22:28:25', '2024-12-24 22:28:25'),
(101, 'SPORTS', 81, '2024-12-24 22:30:36', '2024-12-24 22:30:36'),
(102, 'TECHNOLOGY', 81, '2024-12-24 22:30:45', '2024-12-24 22:30:45'),
(103, 'food', 122, '2024-12-25 03:19:06', '2024-12-25 03:19:06'),
(105, 'MY FOOD CATEGORY', 1, '2024-12-30 12:47:30', '2024-12-30 12:47:30'),
(106, 'MY FOOD CATEGORY', 1, '2024-12-30 12:47:39', '2024-12-30 12:47:39'),
(107, 'technology', 1, '2024-12-30 16:04:32', '2024-12-30 16:04:32'),
(108, 'tech', 1, '2024-12-30 16:04:47', '2024-12-30 16:04:47'),
(109, 'MY FOOD CATEGORY', 1, '2024-12-30 19:39:29', '2024-12-30 19:39:29'),
(114, 'Pen', 88, '2024-12-31 14:25:52', '2024-12-31 14:25:52'),
(115, 'Book1', 88, '2024-12-31 14:26:31', '2024-12-31 14:27:11'),
(116, 'Pencil', 88, '2024-12-31 14:27:30', '2024-12-31 15:41:51'),
(117, 'TECHNOLOGY', 94, '2024-12-31 17:46:29', '2024-12-31 17:46:29'),
(118, 'SPORTS', 94, '2024-12-31 17:46:51', '2024-12-31 17:46:51');

-- --------------------------------------------------------

--
-- Table structure for table `customers`
--

CREATE TABLE `customers` (
  `id` bigint(20) UNSIGNED NOT NULL,
  `name` varchar(50) NOT NULL,
  `email` varchar(50) NOT NULL,
  `mobile` varchar(50) NOT NULL,
  `user_id` bigint(20) UNSIGNED NOT NULL,
  `created_at` timestamp NOT NULL DEFAULT current_timestamp(),
  `updated_at` timestamp NOT NULL DEFAULT current_timestamp() ON UPDATE current_timestamp()
) ENGINE=InnoDB DEFAULT CHARSET=utf8mb4 COLLATE=utf8mb4_unicode_ci;

--
-- Dumping data for table `customers`
--

INSERT INTO `customers` (`id`, `name`, `email`, `mobile`, `user_id`, `created_at`, `updated_at`) VALUES
(1, 'John Doe', 'john.doe@example.com', '+1234567890', 1, '2024-08-19 07:49:54', '2024-08-19 07:49:54'),
(2, 'Emily Watson', 'emily.watson@example.com', '+1234567890', 1, '2024-08-19 07:50:35', '2024-08-19 07:50:35'),
(3, 'Michael Johnson', 'michael.johnson@example.com', '+1234567891', 1, '2024-08-19 07:50:52', '2024-08-19 07:50:52'),
(4, 'Sophia Martinez', 'sophia.martinez@example.com', '+1234567892', 1, '2024-08-19 07:51:05', '2024-08-19 07:51:05'),
(6, 'Olivia Brown', 'olivia.brown@example.com', '+1234567894', 1, '2024-08-19 07:51:30', '2024-08-19 07:51:30'),
(12, 'Jony das', 'mw.yt.jony@gmail.com', '01868801557', 3, '2024-08-20 15:31:07', '2024-08-20 15:31:07'),
(15, 'samrat', 'samrat2880@gmail.com', '9469465', 5, '2024-08-21 09:01:32', '2024-08-21 09:01:32'),
(16, 'Md Shah kk', 'mdshahalam@gmail.com', '0162434343', 1, '2024-08-22 14:32:53', '2024-10-13 13:57:41'),
(19, 'Helen Saunders', 'hegeda@mailinator.com', 'Aspernatur necessita', 2, '2024-08-24 11:46:47', '2024-08-24 11:46:47'),
(20, 'Md Shah Alam', 'info@alam.com', '01627837483', 18, '2024-08-25 09:25:37', '2024-08-29 07:17:56'),
(21, 'Ferdous Ahmed', 'ferdous22680@gmail.com', '658547', 7, '2024-08-25 11:12:55', '2024-08-25 11:12:55'),
(22, 'Hasan Ahmed', 'me5@gmail.com', '467', 7, '2024-08-25 11:13:32', '2024-08-25 11:13:45'),
(23, 'Juhan Islam', 'Juhan@test.com', '4536806734', 20, '2024-08-26 02:32:53', '2024-08-26 02:32:53'),
(24, 'Masum Bhai', 'masum@gmail.com', '01612990546', 23, '2024-08-26 13:22:58', '2024-08-26 13:22:58'),
(25, 'Kawsar Ahmed', 'kawsar@gmail.com', '5767', 7, '2024-09-04 04:56:26', '2024-09-04 04:56:35'),
(26, 'Assraff', 'Assraff@gmail.com', '5688', 7, '2024-09-04 04:57:25', '2024-09-04 04:57:25'),
(28, 'Emad Ahmed', 'emad@gmail.com', '2906', 7, '2024-09-04 04:58:13', '2024-09-04 04:58:13'),
(29, 'Rakibu Hassan', 'rakibul.h.68016@gmail.com', '01616865468', 28, '2024-09-06 13:47:04', '2024-09-06 13:47:04'),
(30, 'Rakib', 'rakibul.h.68016@gmail.com', '01616865468', 28, '2024-09-06 13:48:22', '2024-09-06 13:48:22'),
(31, 'SM Sabbir', 'smsabbir@gmail.com', '01789000032', 24, '2024-09-20 13:03:46', '2024-09-20 13:03:46'),
(32, 'fvzxcv vxczvxc', 'test@gmail.com', '01887573016', 5, '2024-09-21 08:51:48', '2024-09-21 08:51:48'),
(34, 'RAZIB HOSSAIN RANA', 'rhrana11@gmail.com', '01913193557', 35, '2024-10-06 17:57:27', '2024-10-06 17:57:27'),
(35, 'tuni', 'tun@gmail.com', '017123456789', 36, '2024-10-06 22:49:30', '2024-10-06 22:49:30'),
(36, 'sun', 'sun@test.com', '01500000000', 37, '2024-10-07 04:50:05', '2024-10-07 04:50:05'),
(37, 'John Doe', 'john@email.com', '1234', 40, '2024-10-07 08:59:15', '2024-10-07 08:59:15'),
(38, 'kola_customar', 'mail@gmail.com', '01912827373', 42, '2024-10-08 05:00:00', '2024-10-08 05:00:00'),
(41, 'Ramona Douglas', 'dokesijy@mailinator.com', 'Distinctio Soluta r', 49, '2024-10-11 22:24:58', '2024-10-11 22:24:58'),
(42, 'Cynthia Garcia', 'five@mailinator.com', 'Asperiores natus mag', 49, '2024-10-11 22:28:54', '2024-10-11 22:28:54'),
(45, 'Reday', 'reday@gmail.com', '01763659505', 51, '2024-10-12 21:02:32', '2024-10-12 21:02:32'),
(46, 'Akash', 'akash@gmail.com', '01987328913', 51, '2024-10-12 21:03:28', '2024-10-12 21:03:28'),
(47, 'Nuru', 'nuru@gmail.com', '01867494386', 51, '2024-10-12 21:03:57', '2024-10-12 21:03:57'),
(48, 'Uttam', 'uttam@gmail.com', '01701560326', 51, '2024-10-12 21:04:26', '2024-10-12 21:04:26'),
(49, 'Alif', 'alif@gmail.com', '01867494494', 51, '2024-10-12 21:04:53', '2024-10-12 21:04:53'),
(52, 'Syeda Fahmida Tanzim Mithi', 'fahmidamithi16@gmail.com', '01304050382', 55, '2024-10-19 16:20:06', '2024-10-19 16:20:06'),
(54, 'GAYLE', 'gayle@yahoo.com', '54564452', 53, '2024-10-22 18:26:30', '2024-10-22 18:26:30'),
(55, 'Clark', 'clarck@proton', '69232', 53, '2024-10-22 18:26:58', '2024-10-22 18:26:58'),
(56, 'Ponting', 'ponting@gmail.com', '8475922', 53, '2024-10-22 18:27:23', '2024-10-22 18:27:23'),
(57, 'Shakib', 'shakib@75.com', '89456', 53, '2024-10-22 18:27:46', '2024-10-22 18:27:46'),
(58, 'abul', 'abul@email.com', '01713543208', 65, '2024-10-27 13:41:39', '2024-10-27 13:46:10'),
(59, 'Mithi', 'xx@gmail.com', '01304050382', 66, '2024-10-28 06:05:01', '2024-10-28 06:05:01'),
(60, 'Tanmoy', 'a@gmail.com', '1111111111111111111', 1, '2024-11-03 14:07:40', '2024-11-03 14:07:40'),
(61, 'Shohag', 'shohag@gmail.com', '0194444666', 68, '2024-11-06 03:42:37', '2024-11-06 03:42:37'),
(62, 'khaled', 'khaled@gmail.com', '0187566548', 68, '2024-11-06 03:43:00', '2024-11-06 03:43:00'),
(64, 'Amrita Dey', 'amrita123@gmail.com', '9443434', 1, '2024-12-13 17:58:21', '2024-12-13 17:58:21'),
(72, 'demo1', 'demo1@demo.com', '11111111111', 81, '2024-12-25 19:32:50', '2024-12-25 20:14:14'),
(73, 'demo2', 'demo2@demo.com', '11111111111', 81, '2024-12-25 19:32:54', '2024-12-25 20:02:04'),
(74, 'demo3', 'demo3@demo.com', '11111111111', 81, '2024-12-25 19:32:59', '2024-12-25 19:32:59'),
(75, 'demo4', 'demo4@example.com', '00000000000', 81, '2024-12-25 20:26:41', '2024-12-25 20:26:41'),
(76, 'demo4', 'demo4@example.com', '00000000000', 81, '2024-12-25 20:27:02', '2024-12-25 20:27:02'),
(77, 'demo5', 'demo5@example.com', '11111111111', 81, '2024-12-25 20:27:45', '2024-12-25 20:27:45'),
(78, 'demo5', 'demo5@example.com', '0000000000', 81, '2024-12-25 20:28:19', '2024-12-25 20:28:19'),
(79, 'demo8', 'zayed@example.com', '88888888888', 81, '2024-12-25 20:28:46', '2024-12-29 01:19:03'),
(80, 'demo9', 'zayed@example.com', '11111111111', 81, '2024-12-25 20:32:40', '2024-12-25 20:32:40'),
(81, 'demo10', 'zayed@example.com', '1010101010101010101010', 81, '2024-12-29 01:19:41', '2024-12-29 01:19:41'),
(82, 'demo11', 'zayed@example.com', '11', 81, '2024-12-29 01:21:03', '2024-12-29 01:21:03'),
(83, 'demo12', 'zayed@example.com', '12', 81, '2024-12-29 01:22:13', '2024-12-29 01:22:13'),
(84, 'demo13', 'zayed@example.com', '13', 81, '2024-12-29 01:23:41', '2024-12-29 01:23:41'),
(85, 'demo14', 'zayed@example.com', '14', 81, '2024-12-29 01:46:03', '2024-12-29 01:46:03'),
(86, 'demo15', 'zayed@example.com', '15', 81, '2024-12-29 01:54:46', '2024-12-29 01:54:46'),
(87, 'demo16', 'zayed@example.com', '16', 81, '2024-12-29 01:55:22', '2024-12-29 01:55:22'),
(89, 'demo15', 'zayed@example.com', '15', 81, '2024-12-29 02:14:38', '2024-12-29 02:14:38'),
(90, 'demo19', 'zayed@example.com', '19', 81, '2024-12-29 03:12:05', '2024-12-29 03:12:05'),
(93, 'demo', 'demo@demo.com', '11111111111', 1, '2024-12-29 16:16:18', '2024-12-29 16:16:18'),
(94, 'dem', 'demo@demo.com', '11111111111', 1, '2024-12-29 16:16:28', '2024-12-29 16:16:28'),
(95, 'dem', 'demo@demo.com', '11111111111', 1, '2024-12-29 16:16:38', '2024-12-29 16:16:38'),
(96, 'dem', 'demo@demo.com', '11111111111', 1, '2024-12-29 16:16:44', '2024-12-29 16:16:44'),
(97, 'demo3', 'demo3@demo.com', '11111111111', 81, '2024-12-29 21:11:43', '2024-12-29 21:11:43'),
(98, 'demo3', 'demo3@demo.com', '11111111111', 87, '2024-12-29 21:12:04', '2024-12-29 21:12:04'),
(99, 'demo', 'demo@demo.com', '11111111111', 1, '2024-12-30 19:39:32', '2024-12-30 19:39:32'),
(100, 'Shawon', 'demo@demo.com', '11111111111', 1, '2024-12-30 20:57:01', '2024-12-30 20:57:01'),
(104, 'hf', 'ds@e.com', '1122', 88, '2024-12-31 10:56:15', '2024-12-31 12:25:38'),
(105, 'new', 'new@e', '23', 88, '2024-12-31 11:14:32', '2024-12-31 11:14:32'),
(106, 'new2', 'fasd', '2323', 88, '2024-12-31 11:19:05', '2024-12-31 11:19:05'),
(108, 'asfd', 'fasdf3', '1113', 88, '2024-12-31 12:25:04', '2024-12-31 14:18:18'),
(113, 'deme', 'demo@demo.com', '11111111111', 1, '2024-12-31 12:55:11', '2024-12-31 12:55:11'),
(114, 'deme', 'demo@demo.com', '11111111111', 1, '2024-12-31 16:39:32', '2024-12-31 16:39:32'),
(115, 'shawon', 'shawonsarker318878@gmail.com', '025874100', 1, '2024-12-31 17:11:20', '2024-12-31 17:11:20'),
(116, 'shawon', 'shawonsarker318878@gmail.com', '025874100', 1, '2024-12-31 17:11:21', '2024-12-31 17:11:21'),
(117, 'shawon', 'shawonsarker318878@gmail.com', '025874100', 1, '2024-12-31 17:11:21', '2024-12-31 17:11:21'),
(118, 'shawon', 'shawonsarker318878@gmail.com', '025874100', 1, '2024-12-31 17:11:21', '2024-12-31 17:11:21'),
(119, 'shawon', 'shawonsarker318878@gmail.com', '025874100', 1, '2024-12-31 17:11:33', '2024-12-31 17:11:33'),
(120, 'shawon khan', 'shawonsarker318876@gmail.com', '00000000', 1, '2024-12-31 17:12:16', '2024-12-31 17:12:16'),
(121, 'shawon khan', 'shawonsarker318876@gmail.com', '00000000', 1, '2024-12-31 17:12:20', '2024-12-31 17:12:20'),
(122, 'dsaf', 'shila@gmail.com', '0258741000', 1, '2024-12-31 17:15:09', '2024-12-31 17:15:09'),
(123, 'dsaf', 'shila@gmail.com', '0258741000', 1, '2024-12-31 17:15:19', '2024-12-31 17:15:19'),
(124, 'shaw', 'shawonsarker318876@gmail.com', '000000000', 1, '2024-12-31 17:19:22', '2024-12-31 17:19:22'),
(125, 'shaw', 'shawonsarker318876@gmail.com', '000000000', 1, '2024-12-31 17:19:26', '2024-12-31 17:19:26'),
(126, 'jas', 'shawonsarker318878@gmail.com', 's', 1, '2024-12-31 17:24:40', '2024-12-31 17:24:40'),
(127, 'jas', 'shawonsarker318878@gmail.com', 's', 1, '2024-12-31 17:24:43', '2024-12-31 17:24:43');

-- --------------------------------------------------------

--
-- Table structure for table `failed_jobs`
--

CREATE TABLE `failed_jobs` (
  `id` bigint(20) UNSIGNED NOT NULL,
  `uuid` varchar(255) NOT NULL,
  `connection` text NOT NULL,
  `queue` text NOT NULL,
  `payload` longtext NOT NULL,
  `exception` longtext NOT NULL,
  `failed_at` timestamp NOT NULL DEFAULT current_timestamp()
) ENGINE=InnoDB DEFAULT CHARSET=utf8mb4 COLLATE=utf8mb4_unicode_ci;

-- --------------------------------------------------------

--
-- Table structure for table `invoices`
--

CREATE TABLE `invoices` (
  `id` bigint(20) UNSIGNED NOT NULL,
  `total` varchar(50) NOT NULL,
  `discount` varchar(50) NOT NULL,
  `vat` varchar(50) NOT NULL,
  `payable` varchar(50) NOT NULL,
  `user_id` bigint(20) UNSIGNED NOT NULL,
  `customer_id` bigint(20) UNSIGNED NOT NULL,
  `created_at` timestamp NOT NULL DEFAULT current_timestamp(),
  `updated_at` timestamp NOT NULL DEFAULT current_timestamp() ON UPDATE current_timestamp()
) ENGINE=InnoDB DEFAULT CHARSET=utf8mb4 COLLATE=utf8mb4_unicode_ci;

--
-- Dumping data for table `invoices`
--

INSERT INTO `invoices` (`id`, `total`, `discount`, `vat`, `payable`, `user_id`, `customer_id`, `created_at`, `updated_at`) VALUES
(2, '34000', '0', '1700.00', '35700.00', 3, 12, '2024-08-20 15:37:15', '2024-08-20 15:37:15'),
(4, '2749.72', '27.77', '137.49', '2887.21', 1, 1, '2024-08-20 16:28:18', '2024-08-20 16:28:18'),
(5, '16.46', '0.04', '0.82', '17.28', 1, 4, '2024-08-20 16:29:15', '2024-08-20 16:29:15'),
(6, '55', '0', '2.75', '57.75', 1, 4, '2024-08-20 17:44:15', '2024-08-20 17:44:15'),
(9, '24.75', '2.75', '1.24', '25.99', 1, 4, '2024-08-21 06:40:29', '2024-08-21 06:40:29'),
(11, '59.78', '1.22', '2.99', '62.77', 1, 4, '2024-08-21 14:39:53', '2024-08-21 14:39:53'),
(12, '6750', '0', '337.50', '7087.50', 5, 15, '2024-08-22 11:14:54', '2024-08-22 11:14:54'),
(13, '1572.00', '28.00', '78.60', '1650.60', 5, 15, '2024-08-22 13:53:54', '2024-08-22 13:53:54'),
(14, '16.5', '0', '0.82', '17.32', 1, 4, '2024-08-22 15:11:03', '2024-08-22 15:11:03'),
(15, '218.50', '19.00', '10.93', '229.43', 1, 4, '2024-08-22 16:04:24', '2024-08-22 16:04:24'),
(18, '20', '0', '1.00', '21.00', 5, 15, '2024-08-24 02:55:56', '2024-08-24 02:55:56'),
(20, '55', '0', '2.75', '57.75', 1, 4, '2024-08-24 06:06:23', '2024-08-24 06:06:23'),
(21, '88.20', '1.80', '4.41', '92.61', 5, 15, '2024-08-24 08:01:03', '2024-08-24 08:01:03'),
(23, '608.00', '32.00', '30.40', '638.40', 18, 20, '2024-08-25 09:27:48', '2024-08-25 09:27:48'),
(26, '109.33', '1.67', '5.47', '114.80', 1, 1, '2024-08-26 02:13:32', '2024-08-26 02:13:32'),
(27, '13015.00', '685.00', '650.75', '13665.75', 20, 23, '2024-08-26 02:36:39', '2024-08-26 02:36:39'),
(28, '388000.00', '12000.00', '19400.00', '407400.00', 23, 24, '2024-08-26 13:27:08', '2024-08-26 13:27:08'),
(29, '244', '0', '12.20', '256.20', 1, 4, '2024-08-27 03:32:35', '2024-08-27 03:32:35'),
(30, '55.36', '0.14', '2.77', '58.13', 1, 16, '2024-08-28 10:14:57', '2024-08-28 10:14:57'),
(34, '10.95', '0.06', '0.55', '11.50', 1, 4, '2024-09-01 16:32:01', '2024-09-01 16:32:01'),
(36, '248.75', '1.25', '12.44', '261.19', 28, 29, '2024-09-06 13:52:45', '2024-09-06 13:52:45'),
(37, '440.80', '23.20', '22.04', '462.84', 18, 20, '2024-09-09 04:08:33', '2024-09-09 04:08:33'),
(38, '1748.00', '92.00', '87.40', '1835.40', 18, 20, '2024-09-09 04:11:05', '2024-09-09 04:11:05'),
(39, '441.00', '9.00', '22.05', '463.05', 5, 15, '2024-09-09 07:35:47', '2024-09-09 07:35:47'),
(40, '20455.5', '0', '1022.77', '21478.27', 1, 4, '2024-09-11 09:09:33', '2024-09-11 09:09:33'),
(42, '2872', '0', '143.60', '3015.60', 2, 19, '2024-09-12 09:47:43', '2024-09-12 09:47:43'),
(44, '700000', '0', '35000.00', '735000.00', 7, 21, '2024-09-15 04:48:43', '2024-09-15 04:48:43'),
(47, '250', '0', '12.50', '262.50', 28, 29, '2024-09-19 10:55:09', '2024-09-19 10:55:09'),
(48, '500', '0', '25.00', '525.00', 28, 30, '2024-09-25 11:54:23', '2024-09-25 11:54:23'),
(51, '114.00', '6.00', '5.70', '119.70', 36, 35, '2024-10-06 22:49:55', '2024-10-06 22:49:55'),
(52, '9500.00', '500.00', '475.00', '9975.00', 37, 36, '2024-10-07 04:54:56', '2024-10-07 04:54:56'),
(53, '3500000', '0', '175000.00', '3675000.00', 7, 25, '2024-10-07 05:07:30', '2024-10-07 05:07:30'),
(55, 'NaN', '0', 'NaN', 'NaN', 42, 38, '2024-10-08 05:00:33', '2024-10-08 05:00:33'),
(56, '22.80', '1.20', '1.14', '23.94', 49, 41, '2024-10-11 22:29:45', '2024-10-11 22:29:45'),
(58, '380.00', '20.00', '19.00', '399.00', 51, 48, '2024-10-12 21:34:06', '2024-10-12 21:34:06'),
(59, '1728.13', '21.88', '86.41', '1814.54', 51, 45, '2024-10-12 21:41:35', '2024-10-12 21:41:35'),
(60, '72400', '0', '3620.00', '76020.00', 1, 6, '2024-10-14 04:46:44', '2024-10-14 04:46:44'),
(61, '597.00', '3.00', '29.85', '626.85', 51, 47, '2024-10-14 11:50:24', '2024-10-14 11:50:24'),
(62, '105.5', '0', '5.28', '110.78', 1, 4, '2024-10-15 08:05:53', '2024-10-15 08:05:53'),
(64, 'NaN', '0', 'NaN', 'NaN', 1, 6, '2024-10-16 04:52:23', '2024-10-16 04:52:23'),
(65, '5800', '0', '290.00', '6090.00', 1, 6, '2024-10-19 12:38:20', '2024-10-19 12:38:20'),
(68, '63450.00', '7050.00', '3172.50', '66622.50', 1, 6, '2024-10-24 17:26:48', '2024-10-24 17:26:48'),
(70, '500', '0', '25.00', '525.00', 65, 58, '2024-10-27 13:44:20', '2024-10-27 13:44:20'),
(71, '200', '0', '10.00', '210.00', 65, 58, '2024-10-27 13:44:59', '2024-10-27 13:44:59'),
(75, '7180', '0', '359.00', '7539.00', 2, 19, '2024-11-19 11:17:58', '2024-11-19 11:17:58'),
(80, '100', '10', '10', '100', 1, 2, '2024-12-16 17:22:24', '2024-12-16 17:22:24'),
(81, '100', '10', '10', '100', 1, 2, '2024-12-30 19:40:22', '2024-12-30 19:40:22');

-- --------------------------------------------------------

--
-- Table structure for table `invoice_products`
--

CREATE TABLE `invoice_products` (
  `id` bigint(20) UNSIGNED NOT NULL,
  `invoice_id` bigint(20) UNSIGNED NOT NULL,
  `product_id` bigint(20) UNSIGNED NOT NULL,
  `user_id` bigint(20) UNSIGNED NOT NULL,
  `qty` varchar(50) NOT NULL,
  `sale_price` varchar(50) NOT NULL,
  `created_at` timestamp NOT NULL DEFAULT current_timestamp(),
  `updated_at` timestamp NOT NULL DEFAULT current_timestamp() ON UPDATE current_timestamp()
) ENGINE=InnoDB DEFAULT CHARSET=utf8mb4 COLLATE=utf8mb4_unicode_ci;

--
-- Dumping data for table `invoice_products`
--

INSERT INTO `invoice_products` (`id`, `invoice_id`, `product_id`, `user_id`, `qty`, `sale_price`, `created_at`, `updated_at`) VALUES
(2, 2, 2, 3, '1', '1000.00', '2024-08-20 15:37:15', '2024-08-20 15:37:15'),
(3, 2, 2, 3, '3', '3000.00', '2024-08-20 15:37:15', '2024-08-20 15:37:15'),
(4, 2, 2, 3, '30', '30000.00', '2024-08-20 15:37:15', '2024-08-20 15:37:15'),
(8, 4, 1, 1, '5', '27.50', '2024-08-20 16:28:18', '2024-08-20 16:28:18'),
(9, 4, 3, 1, '55', '2750.00', '2024-08-20 16:28:18', '2024-08-20 16:28:18'),
(10, 5, 1, 1, '3', '16.50', '2024-08-20 16:29:15', '2024-08-20 16:29:15'),
(11, 6, 1, 1, '5', '27.50', '2024-08-20 17:44:15', '2024-08-20 17:44:15'),
(12, 6, 1, 1, '5', '27.50', '2024-08-20 17:44:15', '2024-08-20 17:44:15'),
(16, 9, 1, 1, '5', '27.50', '2024-08-21 06:40:29', '2024-08-21 06:40:29'),
(18, 11, 1, 1, '1', '5.50', '2024-08-21 14:39:53', '2024-08-21 14:39:53'),
(19, 11, 3, 1, '1', '50.00', '2024-08-21 14:39:53', '2024-08-21 14:39:53'),
(20, 11, 1, 1, '1', '5.50', '2024-08-21 14:39:53', '2024-08-21 14:39:53'),
(21, 12, 6, 5, '10', '450.00', '2024-08-22 11:14:54', '2024-08-22 11:14:54'),
(22, 12, 5, 5, '20', '2000.00', '2024-08-22 11:14:54', '2024-08-22 11:14:54'),
(23, 12, 7, 5, '10', '50.00', '2024-08-22 11:14:54', '2024-08-22 11:14:54'),
(24, 12, 8, 5, '10', '100.00', '2024-08-22 11:14:54', '2024-08-22 11:14:54'),
(25, 12, 6, 5, '10', '450.00', '2024-08-22 11:14:54', '2024-08-22 11:14:54'),
(26, 12, 6, 5, '20', '900.00', '2024-08-22 11:14:54', '2024-08-22 11:14:54'),
(27, 12, 5, 5, '10', '1000.00', '2024-08-22 11:14:54', '2024-08-22 11:14:54'),
(28, 12, 8, 5, '10', '100.00', '2024-08-22 11:14:54', '2024-08-22 11:14:54'),
(29, 12, 8, 5, '10', '100.00', '2024-08-22 11:14:54', '2024-08-22 11:14:54'),
(30, 12, 8, 5, '10', '100.00', '2024-08-22 11:14:54', '2024-08-22 11:14:54'),
(31, 12, 7, 5, '10', '50.00', '2024-08-22 11:14:54', '2024-08-22 11:14:54'),
(32, 12, 5, 5, '10', '1000.00', '2024-08-22 11:14:54', '2024-08-22 11:14:54'),
(33, 12, 6, 5, '10', '450.00', '2024-08-22 11:14:54', '2024-08-22 11:14:54'),
(34, 13, 8, 5, '10', '100.00', '2024-08-22 13:53:54', '2024-08-22 13:53:54'),
(35, 13, 5, 5, '15', '1500.00', '2024-08-22 13:53:54', '2024-08-22 13:53:54'),
(36, 14, 1, 1, '3', '16.50', '2024-08-22 15:11:03', '2024-08-22 15:11:03'),
(37, 15, 1, 1, '25', '137.50', '2024-08-22 16:04:24', '2024-08-22 16:04:24'),
(38, 15, 3, 1, '2', '100.00', '2024-08-22 16:04:24', '2024-08-22 16:04:24'),
(44, 18, 8, 5, '2', '20.00', '2024-08-24 02:55:56', '2024-08-24 02:55:56'),
(46, 20, 1, 1, '10', '55.00', '2024-08-24 06:06:23', '2024-08-24 06:06:23'),
(47, 21, 6, 5, '2', '90.00', '2024-08-24 08:01:03', '2024-08-24 08:01:03'),
(49, 23, 10, 18, '2', '640.00', '2024-08-25 09:27:48', '2024-08-25 09:27:48'),
(54, 26, 3, 1, '2', '100.00', '2024-08-26 02:13:32', '2024-08-26 02:13:32'),
(55, 26, 1, 1, '2', '11.00', '2024-08-26 02:13:32', '2024-08-26 02:13:32'),
(56, 27, 13, 20, '1', '13700.00', '2024-08-26 02:36:39', '2024-08-26 02:36:39'),
(57, 28, 14, 23, '1', '400000.00', '2024-08-26 13:27:08', '2024-08-26 13:27:08'),
(58, 29, 3, 1, '4', '200.00', '2024-08-27 03:32:35', '2024-08-27 03:32:35'),
(59, 29, 1, 1, '8', '44.00', '2024-08-27 03:32:35', '2024-08-27 03:32:35'),
(60, 30, 1, 1, '1', '5.50', '2024-08-28 10:14:57', '2024-08-28 10:14:57'),
(61, 30, 3, 1, '1', '50.00', '2024-08-28 10:14:57', '2024-08-28 10:14:57'),
(67, 34, 1, 1, '2', '11.00', '2024-09-01 16:32:01', '2024-09-01 16:32:01'),
(70, 36, 17, 28, '1', '250.00', '2024-09-06 13:52:45', '2024-09-06 13:52:45'),
(71, 37, 10, 18, '1', '320.00', '2024-09-09 04:08:33', '2024-09-09 04:08:33'),
(72, 37, 21, 18, '12', '144.00', '2024-09-09 04:08:33', '2024-09-09 04:08:33'),
(73, 38, 21, 18, '20', '240.00', '2024-09-09 04:11:05', '2024-09-09 04:11:05'),
(74, 38, 10, 18, '5', '1600.00', '2024-09-09 04:11:05', '2024-09-09 04:11:05'),
(75, 39, 6, 5, '10', '450.00', '2024-09-09 07:35:47', '2024-09-09 07:35:47'),
(76, 40, 1, 1, '1', '5.50', '2024-09-11 09:09:33', '2024-09-11 09:09:33'),
(77, 40, 3, 1, '1', '50.00', '2024-09-11 09:09:33', '2024-09-11 09:09:33'),
(78, 40, 15, 1, '1', '1200.00', '2024-09-11 09:09:33', '2024-09-11 09:09:33'),
(79, 40, 15, 1, '1', '1200.00', '2024-09-11 09:09:33', '2024-09-11 09:09:33'),
(80, 40, 15, 1, '1', '1200.00', '2024-09-11 09:09:33', '2024-09-11 09:09:33'),
(81, 40, 15, 1, '1', '1200.00', '2024-09-11 09:09:33', '2024-09-11 09:09:33'),
(82, 40, 15, 1, '1', '1200.00', '2024-09-11 09:09:33', '2024-09-11 09:09:33'),
(83, 40, 15, 1, '1', '1200.00', '2024-09-11 09:09:33', '2024-09-11 09:09:33'),
(84, 40, 15, 1, '1', '1200.00', '2024-09-11 09:09:33', '2024-09-11 09:09:33'),
(85, 40, 15, 1, '1', '1200.00', '2024-09-11 09:09:33', '2024-09-11 09:09:33'),
(86, 40, 15, 1, '1', '1200.00', '2024-09-11 09:09:33', '2024-09-11 09:09:33'),
(87, 40, 15, 1, '1', '1200.00', '2024-09-11 09:09:33', '2024-09-11 09:09:33'),
(88, 40, 15, 1, '1', '1200.00', '2024-09-11 09:09:33', '2024-09-11 09:09:33'),
(89, 40, 15, 1, '1', '1200.00', '2024-09-11 09:09:33', '2024-09-11 09:09:33'),
(90, 40, 15, 1, '1', '1200.00', '2024-09-11 09:09:33', '2024-09-11 09:09:33'),
(91, 40, 15, 1, '1', '1200.00', '2024-09-11 09:09:33', '2024-09-11 09:09:33'),
(92, 40, 15, 1, '1', '1200.00', '2024-09-11 09:09:33', '2024-09-11 09:09:33'),
(93, 40, 15, 1, '1', '1200.00', '2024-09-11 09:09:33', '2024-09-11 09:09:33'),
(94, 40, 15, 1, '1', '1200.00', '2024-09-11 09:09:33', '2024-09-11 09:09:33'),
(134, 42, 19, 2, '2', '998.00', '2024-09-12 09:47:43', '2024-09-12 09:47:43'),
(135, 42, 20, 2, '2', '1874.00', '2024-09-12 09:47:43', '2024-09-12 09:47:43'),
(137, 44, 24, 7, '1', '700000.00', '2024-09-15 04:48:43', '2024-09-15 04:48:43'),
(140, 47, 17, 28, '1', '250.00', '2024-09-19 10:55:09', '2024-09-19 10:55:09'),
(141, 48, 17, 28, '1', '250.00', '2024-09-25 11:54:23', '2024-09-25 11:54:23'),
(142, 48, 17, 28, '1', '250.00', '2024-09-25 11:54:23', '2024-09-25 11:54:23'),
(149, 51, 35, 36, '1', '120.00', '2024-10-06 22:49:55', '2024-10-06 22:49:55'),
(150, 52, 36, 37, '10', '10000.00', '2024-10-07 04:54:56', '2024-10-07 04:54:56'),
(151, 53, 24, 7, '5', '3500000.00', '2024-10-07 05:07:30', '2024-10-07 05:07:30'),
(154, 55, 39, 42, 'a', 'NaN', '2024-10-08 05:00:33', '2024-10-08 05:00:33'),
(155, 56, 41, 49, '2', '24.00', '2024-10-11 22:29:45', '2024-10-11 22:29:45'),
(157, 58, 50, 51, '5', '400.00', '2024-10-12 21:34:06', '2024-10-12 21:34:06'),
(158, 59, 47, 51, '5', '1500.00', '2024-10-12 21:41:35', '2024-10-12 21:41:35'),
(159, 59, 46, 51, '1', '250.00', '2024-10-12 21:41:35', '2024-10-12 21:41:35'),
(160, 60, 15, 1, '2', '2400.00', '2024-10-14 04:46:44', '2024-10-14 04:46:44'),
(161, 60, 51, 1, '1', '70000.00', '2024-10-14 04:46:44', '2024-10-14 04:46:44'),
(162, 61, 48, 51, '3', '600.00', '2024-10-14 11:50:24', '2024-10-14 11:50:24'),
(163, 62, 1, 1, '1', '5.50', '2024-10-15 08:05:53', '2024-10-15 08:05:53'),
(164, 62, 3, 1, '2', '100.00', '2024-10-15 08:05:53', '2024-10-15 08:05:53'),
(166, 64, 26, 1, '5', 'NaN', '2024-10-16 04:52:23', '2024-10-16 04:52:23'),
(167, 65, 40, 1, '10', '5000.00', '2024-10-19 12:38:20', '2024-10-19 12:38:20'),
(168, 65, 38, 1, '20', '400.00', '2024-10-19 12:38:20', '2024-10-19 12:38:20'),
(169, 65, 31, 1, '20', '400.00', '2024-10-19 12:38:20', '2024-10-19 12:38:20'),
(175, 68, 40, 1, '1', '500.00', '2024-10-24 17:26:48', '2024-10-24 17:26:48'),
(176, 68, 51, 1, '1', '70000.00', '2024-10-24 17:26:48', '2024-10-24 17:26:48'),
(179, 70, 53, 65, '5', '500.00', '2024-10-27 13:44:20', '2024-10-27 13:44:20'),
(180, 71, 53, 65, '2', '200.00', '2024-10-27 13:44:59', '2024-10-27 13:44:59'),
(191, 75, 19, 2, '5', '2495.00', '2024-11-19 11:17:58', '2024-11-19 11:17:58'),
(192, 75, 20, 2, '5', '4685.00', '2024-11-19 11:17:58', '2024-11-19 11:17:58'),
(202, 80, 6, 1, '1', '300', '2024-12-16 17:22:24', '2024-12-16 17:22:24'),
(203, 80, 6, 1, '1', '300', '2024-12-16 17:22:24', '2024-12-16 17:22:24'),
(204, 81, 6, 1, '1', '300', '2024-12-30 19:40:22', '2024-12-30 19:40:22'),
(205, 81, 6, 1, '1', '300', '2024-12-30 19:40:22', '2024-12-30 19:40:22');

-- --------------------------------------------------------

--
-- Table structure for table `jobs`
--

CREATE TABLE `jobs` (
  `id` bigint(20) UNSIGNED NOT NULL,
  `queue` varchar(255) NOT NULL,
  `payload` longtext NOT NULL,
  `attempts` tinyint(3) UNSIGNED NOT NULL,
  `reserved_at` int(10) UNSIGNED DEFAULT NULL,
  `available_at` int(10) UNSIGNED NOT NULL,
  `created_at` int(10) UNSIGNED NOT NULL
) ENGINE=InnoDB DEFAULT CHARSET=utf8mb4 COLLATE=utf8mb4_unicode_ci;

-- --------------------------------------------------------

--
-- Table structure for table `job_batches`
--

CREATE TABLE `job_batches` (
  `id` varchar(255) NOT NULL,
  `name` varchar(255) NOT NULL,
  `total_jobs` int(11) NOT NULL,
  `pending_jobs` int(11) NOT NULL,
  `failed_jobs` int(11) NOT NULL,
  `failed_job_ids` longtext NOT NULL,
  `options` mediumtext DEFAULT NULL,
  `cancelled_at` int(11) DEFAULT NULL,
  `created_at` int(11) NOT NULL,
  `finished_at` int(11) DEFAULT NULL
) ENGINE=InnoDB DEFAULT CHARSET=utf8mb4 COLLATE=utf8mb4_unicode_ci;

-- --------------------------------------------------------

--
-- Table structure for table `migrations`
--

CREATE TABLE `migrations` (
  `id` int(10) UNSIGNED NOT NULL,
  `migration` varchar(255) NOT NULL,
  `batch` int(11) NOT NULL
) ENGINE=InnoDB DEFAULT CHARSET=utf8mb4 COLLATE=utf8mb4_unicode_ci;

--
-- Dumping data for table `migrations`
--

INSERT INTO `migrations` (`id`, `migration`, `batch`) VALUES
(1, '2019_12_14_000001_create_personal_access_tokens_table', 1),
(2, '2023_07_11_152531_create_users', 1),
(3, '2023_07_23_133550_create_customers', 1),
(4, '2023_07_23_133551_create_categories', 1),
(5, '2023_07_23_133552_create_products', 1),
(6, '2023_07_30_105124_create_invoices', 1),
(7, '2023_07_30_110928_create_invoice_products', 1);

-- --------------------------------------------------------

--
-- Table structure for table `password_reset_tokens`
--

CREATE TABLE `password_reset_tokens` (
  `email` varchar(255) NOT NULL,
  `token` varchar(255) NOT NULL,
  `created_at` timestamp NULL DEFAULT NULL
) ENGINE=InnoDB DEFAULT CHARSET=utf8mb4 COLLATE=utf8mb4_unicode_ci;

-- --------------------------------------------------------

--
-- Table structure for table `personal_access_tokens`
--

CREATE TABLE `personal_access_tokens` (
  `id` bigint(20) UNSIGNED NOT NULL,
  `tokenable_type` varchar(255) NOT NULL,
  `tokenable_id` bigint(20) UNSIGNED NOT NULL,
  `name` varchar(255) NOT NULL,
  `token` varchar(64) NOT NULL,
  `abilities` text DEFAULT NULL,
  `last_used_at` timestamp NULL DEFAULT NULL,
  `expires_at` timestamp NULL DEFAULT NULL,
  `created_at` timestamp NULL DEFAULT NULL,
  `updated_at` timestamp NULL DEFAULT NULL
) ENGINE=InnoDB DEFAULT CHARSET=utf8mb4 COLLATE=utf8mb4_unicode_ci;

-- --------------------------------------------------------

--
-- Table structure for table `products`
--

CREATE TABLE `products` (
  `id` bigint(20) UNSIGNED NOT NULL,
  `user_id` bigint(20) UNSIGNED NOT NULL,
  `category_id` bigint(20) UNSIGNED NOT NULL,
  `name` varchar(100) NOT NULL,
  `price` varchar(50) NOT NULL,
  `unit` varchar(50) NOT NULL,
  `img_url` varchar(100) NOT NULL,
  `created_at` timestamp NOT NULL DEFAULT current_timestamp(),
  `updated_at` timestamp NOT NULL DEFAULT current_timestamp() ON UPDATE current_timestamp()
) ENGINE=InnoDB DEFAULT CHARSET=utf8mb4 COLLATE=utf8mb4_unicode_ci;

--
-- Dumping data for table `products`
--

INSERT INTO `products` (`id`, `user_id`, `category_id`, `name`, `price`, `unit`, `img_url`, `created_at`, `updated_at`) VALUES
(1, 1, 1, 'Demo', '444', 'Demo', 'uploads/1-1734351430-470604493_9186507401406419_8304079615317823050_n.jpg', '2024-08-19 08:56:33', '2024-12-31 15:40:58'),
(2, 3, 11, 'Pr1', '1000', '10', 'uploads/3-1724167942-Screenshot_121.png', '2024-08-20 15:32:22', '2024-08-20 15:32:22'),
(3, 1, 1, 'Create Product', '50', 'Create Product', 'uploads/1-1724170941-1-1724057793-Sourdough-Bread-Recipe-for-Beginners.jpg', '2024-08-20 16:22:21', '2024-08-26 02:12:12'),
(5, 5, 15, 'product 1', '100', 'product 1', 'uploads/5-1724230987-fococlipping-20220128-2129 1.png', '2024-08-21 09:03:07', '2024-08-22 05:47:16'),
(6, 5, 15, 'xvxcvfgdsdfg', '45', '5', 'uploads/5-1724325190-EN_GreenOlive-1.webp', '2024-08-22 11:13:10', '2024-08-22 11:13:10'),
(7, 5, 15, 'ghfhg', '5', '465', 'uploads/5-1724325209-overtime-group-PLP.png', '2024-08-22 11:13:29', '2024-08-22 11:13:29'),
(8, 5, 15, 'gfdfgh', '10', '1', 'uploads/5-1724325227-agiled2.jpg', '2024-08-22 11:13:47', '2024-08-22 11:13:47'),
(10, 18, 28, 'Green Apple', '320', 'kg', 'uploads/18-1724577867-Apple.jpeg', '2024-08-25 09:24:27', '2024-08-25 09:24:27'),
(13, 20, 33, 'HP 22fw', '13700', '5', 'uploads/20-1724639351-images.jpeg', '2024-08-26 02:29:11', '2024-08-26 02:29:11'),
(14, 23, 48, '1425 Alfa', '400000', '1', 'uploads/23-1724678716-1.jpg', '2024-08-26 13:25:16', '2024-08-26 13:25:16'),
(15, 1, 2, 'cake', '1200', 'pcs', 'uploads/1-1725070088-Makeup-Cake-2-720x720.webp', '2024-08-31 02:08:08', '2024-08-31 02:08:08'),
(17, 28, 55, 'T-Shart', '250', '10', 'uploads/28-1725630668-OIP.jpeg', '2024-09-06 13:51:08', '2024-09-06 13:51:08'),
(18, 28, 55, 'T-shart', '180', '5', 'uploads/28-1725630712-OIP.jpeg', '2024-09-06 13:51:52', '2024-09-06 13:51:52'),
(19, 2, 50, 'Ezra Bennett', '499', 'Labore iusto volupta', 'uploads/2-1725709905-jewelry.PNG', '2024-09-07 11:51:45', '2024-09-07 11:51:45'),
(20, 2, 50, 'Elmo Mcintosh', '937', 'Elmo Mcintosh', 'uploads/2-1725709956-454006511_1182520626397849_6114147418789778200_n.jpg', '2024-09-07 11:52:04', '2024-09-07 11:52:36'),
(21, 18, 28, 'Banana', '12', 'pcs', 'uploads/18-1725854798-banana.jpg', '2024-09-09 04:06:38', '2024-09-09 04:06:38'),
(23, 7, 30, 'SUMSVSUNG', '12000', 'SUMSVSUNG', 'uploads/7-1726305305-Google-Ads-Training-1-1.jpg', '2024-09-14 09:15:05', '2024-10-06 08:58:45'),
(24, 7, 30, 'MaCbook Pro', '700000', 'item', 'uploads/7-1726375654-Google-Ads-Training-Course-Online-Masterclass.jpg', '2024-09-15 04:47:34', '2024-09-15 04:47:34'),
(26, 1, 2, 'sa', '12', 'as', 'uploads/1-1727446642-Screenshot 2024-09-17 at 7.22.52 PM.png', '2024-09-27 14:17:22', '2024-12-31 15:41:19'),
(27, 1, 8, 'as', '121', 'sa', 'uploads/1-1727446657-Screenshot 2024-09-17 at 7.22.42 PM.png', '2024-09-27 14:17:37', '2024-12-31 15:41:21'),
(28, 1, 26, 'as', '123', 'as', 'uploads/1-1727446683-Screenshot 2024-09-17 at 7.22.42 PM.png', '2024-09-27 14:18:03', '2024-12-31 15:41:32'),
(29, 1, 19, 'as', '100', 'sa', 'uploads/1-1727446706-vinayak-sharma-vgv19wm8yQ4-unsplash.jpg', '2024-09-27 14:18:26', '2024-12-31 15:41:35'),
(30, 1, 58, 'asa', '100', 'sasa', 'uploads/1-1727446741-new.jpg', '2024-09-27 14:19:01', '2024-12-31 15:41:38'),
(31, 1, 25, 'as', '10', 'asa', 'uploads/1-1727446771-guru.jpeg', '2024-09-27 14:19:31', '2024-12-31 15:41:41'),
(32, 1, 7, 'as', '111', 'as', 'uploads/1-1727446793-450934321_122209782254197704_8325746035903920675_n.jpg', '2024-09-27 14:19:53', '2024-12-31 15:41:44'),
(33, 1, 26, 'asdas', '1212', '342', 'uploads/1-1727446844-topsquick01.jpg', '2024-09-27 14:20:44', '2024-12-31 15:42:00'),
(34, 7, 30, 'ASUS', '15055', 'item', 'uploads/7-1728189946-mobile.webp', '2024-10-06 04:45:46', '2024-10-06 04:45:46'),
(35, 36, 59, 'samsung', '120', '2', 'uploads/36-1728254867-Screenshot 2024-08-06 013625.png', '2024-10-06 22:47:47', '2024-10-06 22:47:47'),
(36, 37, 61, 'Cake', '1000', '20', 'uploads/37-1728276746-pngtree-happy-birthday-cake-decoration-png-image_12587532.png', '2024-10-07 04:52:26', '2024-10-07 04:52:26'),
(37, 40, 62, 'test', '100', '112', 'uploads/40-1728291613-albert.svg', '2024-10-07 09:00:13', '2024-10-07 09:00:13'),
(38, 1, 1, 'bread', '20', '500', 'uploads/1-1728347008-wheat-bread-wheat-shock-white-background-34095411.jpg', '2024-10-08 00:23:28', '2024-10-08 00:23:28'),
(39, 42, 63, 'banana', '50', 'a', 'uploads/42-1728363495-WIN_20240722_06_41_13_Pro.jpg', '2024-10-08 04:58:15', '2024-12-31 15:42:03'),
(40, 1, 23, 'cake', '500', '2', 'uploads/1-1728444043-messi-4k-ultra-hd-dramatic-t7otmb1xwl662a0r.png', '2024-10-09 03:20:43', '2024-10-09 03:20:43'),
(41, 49, 66, 'Amir Wilkins', '12', 'Vitae dolorem sit di', 'uploads/49-1728685697-462629351_3960367824250285_1165320962108927548_n.jpg', '2024-10-11 22:28:17', '2024-10-11 22:28:17'),
(46, 51, 70, 'Birthday Cake', '250', 'pound', 'uploads/51-1728767955-birhday cake.jpeg', '2024-10-12 21:19:15', '2024-10-12 21:19:15'),
(47, 51, 70, 'Coffe Cake', '300', 'pound', 'uploads/51-1728768226-coffee-cake-4d37cac.jpg', '2024-10-12 21:23:46', '2024-10-12 21:23:46'),
(48, 51, 70, 'Lemon Cake', '200', 'pound', 'uploads/51-1728768350-lemon Cake.jpeg', '2024-10-12 21:25:50', '2024-10-12 21:25:50'),
(49, 51, 71, 'Orange Biscuit', '120', 'gram', 'uploads/51-1728768632-Orange Buiscuit.webp', '2024-10-12 21:30:32', '2024-10-12 21:30:32'),
(50, 51, 71, 'Lexus Biscuit', '80', 'gram', 'uploads/51-1728768722-Lexus Biscuit.jpeg', '2024-10-12 21:32:02', '2024-10-12 21:32:02'),
(51, 1, 72, 'Asus Vibobook s15 530FA', '70000', 'Asus Vibobook s15 530FA', 'uploads/1-1728880057-ASUS-VivoBook-15-K513EQ-600x600.jpg', '2024-10-14 04:27:37', '2024-10-14 04:29:01'),
(52, 53, 78, 'Reebok', '85400', '47', 'uploads/53-1729621998-bat.jpg', '2024-10-22 18:33:18', '2024-10-22 18:33:18'),
(53, 65, 85, 'abuls', '100', '10', 'uploads/65-1730036584-ইতি কথা.png', '2024-10-27 13:43:04', '2024-10-27 13:43:04');

-- --------------------------------------------------------

--
-- Table structure for table `sessions`
--

CREATE TABLE `sessions` (
  `id` varchar(255) NOT NULL,
  `user_id` bigint(20) UNSIGNED DEFAULT NULL,
  `ip_address` varchar(45) DEFAULT NULL,
  `user_agent` text DEFAULT NULL,
  `payload` longtext NOT NULL,
  `last_activity` int(11) NOT NULL
) ENGINE=InnoDB DEFAULT CHARSET=utf8mb4 COLLATE=utf8mb4_unicode_ci;

--
-- Dumping data for table `sessions`
--

INSERT INTO `sessions` (`id`, `user_id`, `ip_address`, `user_agent`, `payload`, `last_activity`) VALUES
('9gFaTY5310YsklGVKv4qsDrfP5NbOeJUTQRhABeF', NULL, '127.0.0.1', 'Mozilla/5.0 (Windows NT 10.0; Win64; x64) AppleWebKit/537.36 (KHTML, like Gecko) Chrome/145.0.0.0 Safari/537.36', 'YTozOntzOjY6Il90b2tlbiI7czo0MDoiZFlGeEE3MW5IVXhtVDh0WkFpNlZhMHk2SFY1M290c3E0VldmRWhFOCI7czo5OiJfcHJldmlvdXMiO2E6MTp7czozOiJ1cmwiO3M6MzQ6Imh0dHA6Ly8xMjcuMC4wLjE6ODAwMC9kZW1vMT9wYWdlPTciO31zOjY6Il9mbGFzaCI7YToyOntzOjM6Im9sZCI7YTowOnt9czozOiJuZXciO2E6MDp7fX19', 1770153515);

-- --------------------------------------------------------

--
-- Table structure for table `users`
--

CREATE TABLE `users` (
  `id` bigint(20) UNSIGNED NOT NULL,
  `firstName` varchar(50) NOT NULL,
  `lastName` varchar(50) NOT NULL,
  `email` varchar(50) NOT NULL,
  `mobile` varchar(50) NOT NULL,
  `password` varchar(50) NOT NULL,
  `otp` varchar(10) NOT NULL,
  `created_at` timestamp NOT NULL DEFAULT current_timestamp(),
  `updated_at` timestamp NOT NULL DEFAULT current_timestamp() ON UPDATE current_timestamp()
) ENGINE=InnoDB DEFAULT CHARSET=utf8mb4 COLLATE=utf8mb4_unicode_ci;

--
-- Dumping data for table `users`
--

INSERT INTO `users` (`id`, `firstName`, `lastName`, `email`, `mobile`, `password`, `otp`, `created_at`, `updated_at`) VALUES
(1, 'Rabbil', 'Hasan', 'engr.rabbil@yahoo.com', '01785388919', '1234', '9910', '2024-08-19 01:17:41', '2024-12-31 12:51:43'),
(2, 'Sk', 'Zehad', 'sehabkhanzehad@yahoo.com', '01744646344', 'Pa$$w0rd!', '0', '2024-08-20 15:22:46', '2024-09-05 06:16:00'),
(3, 'swadhin', 'das', 'swadhind807@gmail.com', '01868801557', 'a', '0', '2024-08-20 15:30:30', '2024-08-20 15:55:39'),
(4, 'Shahidul Islam', 'Shovon', 'islamkhans148@gmail.com', '01631903731', '1234', '0', '2024-08-20 15:40:23', '2024-08-20 15:40:23'),
(5, 'Hasibur', 'Rahman', 'samrat2880@gmail.com', '654651651', '123456789', '0', '2024-08-21 09:00:54', '2024-08-21 09:00:54'),
(6, 'Jahid', 'Hasan', 'jahidhasan370919@gmail.com', '01701367333', '1234', '0', '2024-08-21 16:51:59', '2024-08-21 16:53:17'),
(7, 'Ferdous', 'Ahmed', 'ferdous22680@gmail.com', '567', '123', '0', '2024-08-23 04:23:28', '2024-09-05 04:37:41'),
(8, 'Md Fazlul', 'Kader', 'kaderurmi@gmail.com', '01678054692', 'asdf1234', '0', '2024-08-24 08:31:48', '2024-08-24 08:31:48'),
(18, 'Md Shah', 'Alam', 'mdshahalam8283@gmail.com', '01628918283', '111', '0', '2024-08-25 09:21:59', '2024-08-25 09:21:59'),
(19, 'sohan', 'ucchas', 'sohan.ucchas@gmail.com', '01782319676', '11111111', '0', '2024-08-25 16:09:20', '2024-08-25 16:09:20'),
(20, 'Karamul Ambia', 'Mahdi', 'mdmahdi45@gmail.com', '01777307585', '123456', '0', '2024-08-25 16:59:46', '2024-08-26 02:19:22'),
(21, 'Shahidul', 'Islam', 'hmsenterprise00@gmail.com', '01712100332', '123456789', '0', '2024-08-26 03:43:52', '2024-08-26 03:43:52'),
(23, 'Ridoy', 'Hasan', 'ridoy@gmail.com', '01682461179', '1234', '0', '2024-08-26 13:18:49', '2024-08-26 13:18:49'),
(24, 'SM', 'Sabbir', 'personal.smsabbir@gmail.com', '01710115616', '112233', '0', '2024-08-28 07:03:05', '2024-08-28 07:03:05'),
(25, 'Nayemul', 'Islam', 'nayemtp@gmail.com', '1234', '1234', '0', '2024-08-28 18:13:05', '2024-08-28 18:13:05'),
(26, 'Jahid', 'Hasan', 'jahidhasan377112@gmail.com', '01959077170', '12345', '0', '2024-09-02 18:25:03', '2024-09-02 18:25:03'),
(27, 'Mason', 'Russell', 'mymo@mailinator.com', 'Doloremque voluptate', 'Pa$$w0rd!', '0', '2024-09-04 08:35:23', '2024-09-04 08:35:23'),
(28, 'Rakibul', 'Hassan', 'rakibul.h.68016@gmail.com', '01616865468', '123456', '0', '2024-09-06 13:46:11', '2024-09-06 13:46:11'),
(31, 'Shamsul', 'Alam', 'sumonkpi1993@gmail.com', '01717172112', '123456', '0', '2024-09-08 18:55:12', '2024-09-08 18:55:12'),
(33, 'MD . Bodiul Alam pk', 'Polash', 'polashraj403@gmail.com', '01866773146', 'polash', '0', '2024-10-04 18:05:55', '2024-10-04 18:05:55'),
(35, 'Razib Hossain', 'Rana', 'rhrana11@gmail.com', '01913193557', '9321', '0', '2024-10-06 17:56:32', '2024-10-06 17:56:32'),
(36, 'shahin', 'miah', 'shahahmed973@gmail.com', '0549617579', '12345', '0', '2024-10-06 22:45:20', '2024-10-06 22:45:20'),
(37, 'jibon', 'ahmed', 'jibonahmed465@gmail.com', '01500000000', '1110166653', '0', '2024-10-07 04:48:39', '2024-10-07 04:48:39'),
(38, 'Md Saiful', 'Islam', 'nobayon01@gmail.com', '01911563761', 'FYnxydeO&1', '0', '2024-10-07 06:28:31', '2024-10-07 06:28:31'),
(39, 'shahin', 'miah', 'shahiahmed973@gmail.com', '0549617579', '12345', '0', '2024-10-07 08:47:49', '2024-10-07 08:47:49'),
(40, 'Ahmed', 'Maruf', 'ahmed@gmail.com', '01914', '12345678', '0', '2024-10-07 08:57:42', '2024-10-07 08:57:42'),
(41, 'Sadhin', 'Sharkar', 'shadinsharkar98@gmail.com', '01797178347', '12345678', '0', '2024-10-07 09:34:53', '2024-10-07 09:34:53'),
(42, 'saifi', 'hasan', 'saifi@gmail.com', '01987903011', 'saifi@laravel', '0', '2024-10-08 04:55:38', '2024-10-08 04:55:38'),
(43, 'Atul', 'Paul', 'paulatul020@gmail.com', '01609398958', 'shop@atul2', '0', '2024-10-08 09:09:51', '2024-10-08 09:09:51'),
(44, 'Pareeek', 'Par', 'websquad360@gmail.com', '01611183720', '1234', '0', '2024-10-09 13:21:57', '2024-10-09 13:21:57'),
(45, 'Nabil', 'Hossain', 'Youcannevertell135@gmail.com', '01757747472', '533911111', '0', '2024-10-09 17:05:42', '2024-10-09 17:05:42'),
(48, 'Keith', 'Cochran', 'nasydamoq@mailinator.com', 'Vero Nam omnis place', 'Pa$$w0rd!', '0', '2024-10-11 22:22:36', '2024-10-11 22:22:36'),
(49, 'Cameron', 'Vaughn', 'taxecuwyfu@mailinator.com', 'Aliquip aliqua Ut e', '12345678', '0', '2024-10-11 22:23:29', '2024-10-11 22:23:29'),
(50, 'mr', 'developer', 'shafrinahamedsa@gmail.com', '01872437708', '123456', '9672', '2024-10-12 05:05:53', '2024-10-12 05:06:01'),
(51, 'Uttam', 'Sharma', 'uttamrohit4545@gmail.com', '01701560326', 'Uttam1234', '0', '2024-10-12 17:57:27', '2024-10-12 19:05:58'),
(52, 'shahriar', 'rabby', 'rabby@gmail.com', '01387545228', 'abcdefg', '0', '2024-10-18 04:45:15', '2024-10-18 04:45:15'),
(53, 'Faiyaz Mahmud', 'Toha', 'demomail@yahoo.com', '+12345680', 'abc123', '0', '2024-10-18 08:26:10', '2024-10-18 08:26:10'),
(54, 'Ariful', 'Islam', 'ashanullahariful6460@gmail.com', '01785421417', '4ZJK#xu#@>KV?Ce', '0', '2024-10-19 13:31:25', '2024-10-19 13:31:25'),
(55, 'Srabon', 'Chowdhury', 'fenixdy47@gmail.com', '01721136718', '1234', '0', '2024-10-19 16:18:24', '2024-11-22 13:10:50'),
(56, 'Maruf', 'Ahmed', 'marufsarkar512@gmail.com', '01793927706', '753159', '0', '2024-10-20 05:45:00', '2024-10-20 05:45:00'),
(57, 'sufiyan', 'rafsan', 's.a.sufiyan.rafsan2008@gmail.com', '01612666595', '123', '0', '2024-10-20 10:36:29', '2024-10-20 10:36:29'),
(58, 'Md', 'Anis', 'rjanis2083@gmail.com', '01908743132', 'abc123', '0', '2024-10-20 17:33:00', '2024-10-20 17:33:55'),
(59, 'Atik', 'Rahman', 'tokika7584@digopm.com', '01738083635', 'ak123', '4858', '2024-10-21 06:48:48', '2024-10-23 06:18:01'),
(60, 'Shifkat', 'Siddiqui', 'shifkatahamed522@gmail.com', '01678174522', '123456', '0', '2024-10-22 09:22:52', '2024-10-22 09:22:52'),
(62, 'Atika', 'Rahman', 'tokik7584@digopm.com', '01738083632', '12ab', '0', '2024-10-23 06:17:26', '2024-10-23 06:17:26'),
(63, 'akika', 'rahman', 'akika7584@digopm.com', '01738083633', '123', '0', '2024-10-23 06:19:49', '2024-10-23 06:19:49'),
(64, 'Saikot', 'Biswas', 'saikotbiswas583@gmail.com', '01891916795', 'hello2024', '0', '2024-10-26 08:37:16', '2024-10-26 08:37:16'),
(65, 'Maruf', 'Ahmed', 'mdahmedmaruf@gmail.com', '01', '123456', '0', '2024-10-27 13:40:52', '2024-10-27 13:40:52'),
(66, 'Fahim', 'X', 'fahim@gmail.com', '017211', '1234', '0', '2024-10-28 06:00:36', '2024-10-28 06:00:36'),
(67, 'Afsana', 'Meem', '2130@gmail.com', '017', '123', '0', '2024-11-04 04:22:17', '2024-11-04 04:22:17'),
(68, 'enamul', 'haque', 'theenamulhaque.web@gmail.com', '01944344601', '123456', '0', '2024-11-06 03:39:11', '2024-11-06 03:39:11'),
(69, 'Amrita', 'Dey', 'abc@gmail.com', '014343', 'admin', '0', '2024-11-11 14:21:57', '2024-11-11 14:21:57'),
(71, 'Rabbil', 'Hasan', 'engr.rabbil@gmail.com', '01701063280', 'abc123', '0', '2024-11-23 12:14:54', '2024-11-23 12:14:54'),
(73, 'Amrita', 'Dey', 'abcd@gmail.com', '343434', 'admin', '0', '2024-12-10 15:08:41', '2024-12-10 15:08:41'),
(74, 'Ferdous', 'Ahmed', 'ferdous1440@gmail.com', '01212343556', '123456', '0', '2024-12-11 04:17:25', '2024-12-11 04:17:25'),
(75, 'Rabbil', 'Hasan', 'engr.rabbil22222@yahoo.com', '01785388919', '1234', '0', '2024-12-15 17:02:42', '2024-12-15 17:02:42'),
(77, 'Rabbil', 'Hasan', 'engr.rabbil333@gmail.com', '01785388919', 'abc123', '0', '2024-12-15 20:51:49', '2024-12-15 20:51:49'),
(79, 'Rabbil', 'Hasan', 'engr.rabbil3332@gmail.com', '01785388919', 'abc123', '0', '2024-12-16 17:06:46', '2024-12-16 17:06:46'),
(80, 'Kawsar Ahmed', 'Rahim', 'kahmedrahim1512@gmail.com', '01886656254', 'rahim', '0', '2024-12-18 18:28:14', '2024-12-26 13:58:40'),
(81, 'Abdullah', 'Zayed', 'xbakery@zayedabdullah.com', '00000000006', 'abc1234', '0', '2024-12-18 19:22:15', '2024-12-25 21:37:28'),
(84, 'Abdullah', 'Xayed', 'xbakery1@zayedabdullah.com', '00000000000', 'abc123', '0', '2024-12-18 19:58:04', '2024-12-18 19:58:04'),
(86, 'Abdullah', 'Xayed', 'xbakery2@zayedabdullah.com', '00000000000', 'abc123', '0', '2024-12-18 20:00:22', '2024-12-18 20:00:22'),
(87, 'Abdullah', 'Zayed', 'xbakery4@zayedabdullah.com', '00000000000', 'abc123', '0', '2024-12-18 20:49:02', '2024-12-18 20:54:21'),
(88, 'Rabbil', 'Hasan', 'barai3022@gmail.com', '01723000000', 'abc123', '0', '2024-12-19 10:41:54', '2024-12-25 08:02:59'),
(91, 'jewel', 'tajmul', 'tajmul@example.com', '51191125', '12345', '0', '2024-12-19 12:24:58', '2024-12-19 12:24:58'),
(94, 'Rabbil', 'Hasan', 'engr.rabbil33321@gmail.com', '01785388919', 'abc1231', '0', '2024-12-20 09:15:10', '2024-12-20 09:15:10'),
(95, 'Abdullah', 'Zayed', 'xbakery5@zayedabdullah.com', '00000000000', 'abc123', '0', '2024-12-22 13:19:51', '2024-12-22 13:19:51'),
(96, 'Abdullah', 'Zayed', 'xbakery6@zayedabdullah.com', '01600000000', 'abc123', '0', '2024-12-22 20:50:57', '2024-12-22 20:50:57'),
(98, 'Rabbil', 'Hasan', 'engr.rabbil33322@gmail.com', '01785388919', 'abc1232', '0', '2024-12-23 14:09:30', '2024-12-23 14:09:30'),
(100, 'Santosh', 'Barai', 'barai3020@gmail.com', 'fasfasd', 'abc123', '0', '2024-12-23 15:10:37', '2024-12-23 15:10:37'),
(102, 'Santosh', 'Barai', 'barai3023@gmail.com', '01023444444', 'abc123', '0', '2024-12-23 15:23:11', '2024-12-23 15:23:11'),
(104, 'Soyeb', 'Mohammad', 'xbakery@soyeb1.com', '01700000000', 'abc123', '0', '2024-12-23 21:29:23', '2024-12-23 21:29:23'),
(105, 'Soyeb', 'Ahmad', 'xbakery@soyeb2.com', '01712222220', 'abc123', '0', '2024-12-23 21:51:10', '2024-12-23 21:51:10'),
(108, 'sakil', 'Hasan', 'nomanfeni255@gmail.com', '01785388919', 'noman123', '0', '2024-12-23 22:06:10', '2024-12-30 21:46:04'),
(109, 'Soyeb', 'Ahmad', 'soyebmd@gmail.com', '0180000000', 'abc123', '0', '2024-12-23 22:53:01', '2024-12-30 14:37:01'),
(111, 'Rabbil', 'Hasan', 'engr.rabbil33323@gmail.com', '01785388919', 'abc1233', '0', '2024-12-24 10:29:07', '2024-12-24 10:29:07'),
(114, 'rabbil', 'hassan', 'engr.rabbil33324@gmail.com', '01886656255', 'password4', '0', '2024-12-24 11:21:02', '2024-12-24 11:21:02'),
(115, 'likhon', 'ahmed', 'likhon@gmail.com', '01886656257', 'likhon', '0', '2024-12-24 11:56:00', '2024-12-24 11:56:00'),
(116, 'Dipu', 'sarker', 'dipufsl382@gmail.com', '01675707621', 'abc123', '0', '2024-12-24 15:30:18', '2024-12-24 15:30:18'),
(117, 'Abdulla', 'Noman', 'nomanfeni155@gmail.com', '01909789541', 'abc123', '0', '2024-12-24 19:53:10', '2024-12-30 20:32:43'),
(119, 'tonmoy', 'khan', 'tonmoykhandiu@gmail.com', '01819209420', 'admin@1234', '0', '2024-12-24 21:50:55', '2024-12-31 10:54:22'),
(120, 'admin', 'admin', 'admin@gmail.com', '017314783784', 'admin@123', '4841', '2024-12-24 21:54:36', '2024-12-24 23:00:28'),
(121, 'Md', 'Al Amin', 'alamisun@yahoo.com', '01676722833', '262651', '0', '2024-12-25 02:54:42', '2024-12-25 02:54:42'),
(122, 'Md', 'Al Amin', 'alaminsun@yahoo.com', '01676722833', '262651', '0', '2024-12-25 03:17:50', '2024-12-25 03:17:50'),
(126, 'MD', 'Ismail', 'mdismail85773@gmail.com', '01785388919', 'abc123', '0', '2024-12-25 08:39:09', '2024-12-25 08:39:09'),
(127, 'Rifayet', 'Rimon', 'rimon@gmail.com', '01622109010', '12345', '0', '2024-12-25 09:52:05', '2024-12-31 14:42:14'),
(129, 'Jubayer', 'Hossen', 'jubayerhossen254@gmail.com', '01858145460', '1234', '0', '2024-12-25 22:33:20', '2024-12-27 16:41:49'),
(130, 'Jubayer', 'Hossen', 'jubayerhossen@gmail.com', '01858145460', '1234', '0', '2024-12-25 22:38:19', '2024-12-25 22:38:19'),
(135, 'Zahid', 'Hassan', 'make.rabbil3332@gmail.com', '01785388910', 'abc123', '0', '2024-12-26 11:22:15', '2024-12-26 11:22:15'),
(138, 'hid', 'ssan', 'rabbil3332@gmail.com', '01785388910', 'abc123', '0', '2024-12-26 12:10:09', '2024-12-26 12:10:09'),
(139, 'mike', 'male', 'kajol@gmail.com', '0000000000', '989898', '0', '2024-12-26 12:12:15', '2024-12-26 12:12:15'),
(140, 'make', 'pie', 'makepi@gmail.com', '00000000', '123654', '0', '2024-12-26 12:15:09', '2024-12-26 12:15:09'),
(141, 'zamal', 'Zia', 'Zamal@gamil.com', '0000000000', '12345', '3679', '2024-12-26 12:27:54', '2024-12-31 12:16:58'),
(142, 'mal', 'tal', 'mal@gamil.com', '00000000', '54321', '0', '2024-12-26 12:36:08', '2024-12-26 12:36:08'),
(143, 'id', 'ssn', 'rabbil332@gmail.com', '01780388910', 'ab123', '0', '2024-12-26 13:01:34', '2024-12-26 13:01:34'),
(144, 'nike', 'tyson', 'nike@gmail.com', '025874100', '54321', '0', '2024-12-26 13:03:34', '2024-12-26 13:03:34'),
(145, 'nikki', 'minaj', 'nikki@gmail.com', '0258741000', '0012', '0', '2024-12-26 13:16:10', '2024-12-26 13:16:10'),
(146, 'shila', 'khain', 'shila@gmail.com', '025874100', '0012', '7803', '2024-12-26 13:22:45', '2024-12-26 16:20:38'),
(147, 'Jhon', 'Doe', 'jhondoe@gmail.com', '0180000000', 'abc123', '0', '2024-12-26 13:29:00', '2024-12-26 13:47:08'),
(148, 'mile', 'ki', 'mile@gamil.com', '000', '0012', '0', '2024-12-26 16:22:55', '2024-12-26 16:22:55'),
(149, 'num', 'pie', 'num@gamil.com', '0258741000', '0012', '0', '2024-12-26 16:25:24', '2024-12-26 16:25:24'),
(150, 'kar', 'lisa', 'kar@gamil.com', '025874100', '0012', '0', '2024-12-26 16:29:15', '2024-12-26 16:29:15'),
(151, 'ma', 'g', 'l@gamil.com', '0258741000', '0012', '0', '2024-12-26 16:30:06', '2024-12-26 16:30:06'),
(152, 'kk', 'pp', 'nila@gmail.cpm', '025874100', '0012', '0', '2024-12-26 16:42:36', '2024-12-26 16:42:36'),
(153, 'mikee', 'mikee', 'mike@gmail.com', '000000000', '12345', '0', '2024-12-26 16:51:22', '2024-12-26 17:51:19'),
(154, 'sh', 'dda', 'mina@gamil.com', '0258741000', '12345', '0', '2024-12-26 18:19:22', '2024-12-26 18:19:22'),
(155, 'q', 'q', 'u@gamil.com', '00000000', '1234', '0', '2024-12-26 18:20:23', '2024-12-26 18:20:23'),
(156, 'o', 'p', 'l@gmil.com', '00000000', '12345', '0', '2024-12-26 18:21:52', '2024-12-31 12:45:33'),
(162, 'Kawsar', 'Ahmed', 'kahmedrahim@gmail.com', '01886656254', 'kawsar', '0', '2024-12-27 16:18:18', '2024-12-27 16:19:42'),
(165, 'i', 'sn', 'rabbil33@gmail.com', '01780388910', 'ab123', '0', '2024-12-27 17:05:16', '2024-12-27 17:05:16'),
(166, 'jolly', 'khan', 'jolly@gmail.com', '025874100', '0012', '0', '2024-12-27 17:37:19', '2024-12-27 17:37:19'),
(168, 'joll', 'khan', 'joll@gmail.com', '025874100', '54321', '0', '2024-12-27 17:37:44', '2024-12-27 17:37:44'),
(169, 'jol', 'khan', 'jol@gmail.com', '025874100', '54321', '0', '2024-12-27 17:40:53', '2024-12-27 17:40:53'),
(170, 'resmi', 'khan', 'rasmi@gmail.com', '0258741000', '12345', '0', '2024-12-27 17:49:34', '2024-12-27 17:49:34'),
(171, 'nyle', 'lisa', 'll@gamil.com', '000000000', '1234', '0', '2024-12-27 19:58:47', '2024-12-27 19:58:47'),
(172, 'g', 'd', 'p@gmail.com', '0258741000', '1234', '0', '2024-12-27 19:59:42', '2024-12-27 19:59:42'),
(173, 'as', 's', 'al@gamil.com', '0258741000', '1234', '0', '2024-12-27 20:04:08', '2024-12-27 20:04:08'),
(175, 'Sumsuzzaman', 'Chowdhury', 'demo@gmail.com', '01675008100', 'asfsafasf', '0', '2024-12-28 10:39:48', '2024-12-28 10:39:48'),
(176, 'Sumsuzzaman', 'Chowdhury', 'joysho@gmail.com', '1925438104', 'scscs', '0', '2024-12-28 10:41:11', '2024-12-28 10:41:11'),
(178, 'Sumsuzzaman', 'Chowdhury', 'dhakamilk99@gmail.com', '1925438104', 'abc@123', '0', '2024-12-28 10:48:41', '2024-12-28 10:48:41'),
(179, 'Sumsuzzaman', 'Chowdhury', 'atophayel@gmail.com', '1925438104', 'adasdasdas', '0', '2024-12-28 11:03:41', '2024-12-28 11:03:41'),
(180, 's', 's', 'mke@gmail.com', '025874100', '1234', '0', '2024-12-28 11:32:19', '2024-12-28 11:32:19'),
(181, 's', 'a', 'ad@gamil.com', '000', '1234', '0', '2024-12-28 11:33:33', '2024-12-28 11:33:33'),
(182, 'd', 'd', 'vd@gamil.com', '025874100', '1234', '0', '2024-12-29 16:07:48', '2024-12-29 16:07:48'),
(183, 'make', 'pie', 'make@gamil.com', '0000000', '1234', '0', '2024-12-29 18:19:42', '2024-12-30 23:09:37'),
(184, 'j', 'p', 'ads@gamil.com', '0258741000', '12345', '0', '2024-12-30 00:17:17', '2024-12-30 15:29:13'),
(185, 'dddddd', 'dd', 'jjjj@gmail.com', '000', '9876', '0', '2024-12-30 00:23:18', '2024-12-30 01:09:39'),
(191, 'Rabbil', 'Hasan', 'engr.rabbil3333@gmail.com', '01785388919', 'abc123', '0', '2024-12-30 15:37:39', '2024-12-30 15:37:39'),
(192, 'pppp', 'l', 'apoi@gamil.com', '000000', '1234', '0', '2024-12-30 17:07:18', '2024-12-30 18:26:26'),
(193, 'noman', 'abdulla', 'nomanfeni155@gmail.com@gmail.com', '01785388912', 'nmn1234', '0', '2024-12-30 19:34:18', '2024-12-30 19:34:18'),
(197, 'j', 'dda', 'mmmm@gmail.com', '000000000', '1234', '0', '2024-12-31 12:02:24', '2024-12-31 12:02:24'),
(198, 'e', 'd', 'lllll@gmail.com', '025874100', '1234', '0', '2024-12-31 12:44:15', '2024-12-31 12:44:15'),
(199, 'Md Shamim', 'Hossain', '93shamim@gmail.com', '01932261767', '123456', '0', '2024-12-31 14:37:45', '2024-12-31 14:37:45'),
(202, 'Md Shamim', 'Hossain', 'nflraka1@gmail.com', '0193226176452', '123456', '0', '2024-12-31 14:39:47', '2024-12-31 14:39:47'),
(205, 'Md Shamim1', 'Hossain1', 'it.nadiafurniture@gmail.com', '01932261768', '451212', '0', '2024-12-31 14:53:00', '2024-12-31 14:53:00'),
(211, 'Jihadul', 'Islam', 'jihad@gmail.com', '01785388919', '123', '0', '2024-12-31 17:30:32', '2024-12-31 17:40:43');

--
-- Indexes for dumped tables
--

--
-- Indexes for table `cache`
--
ALTER TABLE `cache`
  ADD PRIMARY KEY (`key`);

--
-- Indexes for table `cache_locks`
--
ALTER TABLE `cache_locks`
  ADD PRIMARY KEY (`key`);

--
-- Indexes for table `categories`
--
ALTER TABLE `categories`
  ADD PRIMARY KEY (`id`),
  ADD KEY `categories_user_id_foreign` (`user_id`);

--
-- Indexes for table `customers`
--
ALTER TABLE `customers`
  ADD PRIMARY KEY (`id`),
  ADD KEY `customers_user_id_foreign` (`user_id`);

--
-- Indexes for table `failed_jobs`
--
ALTER TABLE `failed_jobs`
  ADD PRIMARY KEY (`id`),
  ADD UNIQUE KEY `failed_jobs_uuid_unique` (`uuid`);

--
-- Indexes for table `invoices`
--
ALTER TABLE `invoices`
  ADD PRIMARY KEY (`id`),
  ADD KEY `invoices_user_id_foreign` (`user_id`),
  ADD KEY `invoices_customer_id_foreign` (`customer_id`);

--
-- Indexes for table `invoice_products`
--
ALTER TABLE `invoice_products`
  ADD PRIMARY KEY (`id`),
  ADD KEY `invoice_products_invoice_id_foreign` (`invoice_id`),
  ADD KEY `invoice_products_product_id_foreign` (`product_id`),
  ADD KEY `invoice_products_user_id_foreign` (`user_id`);

--
-- Indexes for table `jobs`
--
ALTER TABLE `jobs`
  ADD PRIMARY KEY (`id`),
  ADD KEY `jobs_queue_index` (`queue`);

--
-- Indexes for table `job_batches`
--
ALTER TABLE `job_batches`
  ADD PRIMARY KEY (`id`);

--
-- Indexes for table `migrations`
--
ALTER TABLE `migrations`
  ADD PRIMARY KEY (`id`);

--
-- Indexes for table `password_reset_tokens`
--
ALTER TABLE `password_reset_tokens`
  ADD PRIMARY KEY (`email`);

--
-- Indexes for table `personal_access_tokens`
--
ALTER TABLE `personal_access_tokens`
  ADD PRIMARY KEY (`id`),
  ADD UNIQUE KEY `personal_access_tokens_token_unique` (`token`),
  ADD KEY `personal_access_tokens_tokenable_type_tokenable_id_index` (`tokenable_type`,`tokenable_id`);

--
-- Indexes for table `products`
--
ALTER TABLE `products`
  ADD PRIMARY KEY (`id`),
  ADD KEY `products_user_id_foreign` (`user_id`),
  ADD KEY `products_category_id_foreign` (`category_id`);

--
-- Indexes for table `sessions`
--
ALTER TABLE `sessions`
  ADD PRIMARY KEY (`id`),
  ADD KEY `sessions_user_id_index` (`user_id`),
  ADD KEY `sessions_last_activity_index` (`last_activity`);

--
-- Indexes for table `users`
--
ALTER TABLE `users`
  ADD PRIMARY KEY (`id`),
  ADD UNIQUE KEY `users_email_unique` (`email`);

--
-- AUTO_INCREMENT for dumped tables
--

--
-- AUTO_INCREMENT for table `categories`
--
ALTER TABLE `categories`
  MODIFY `id` bigint(20) UNSIGNED NOT NULL AUTO_INCREMENT, AUTO_INCREMENT=119;

--
-- AUTO_INCREMENT for table `customers`
--
ALTER TABLE `customers`
  MODIFY `id` bigint(20) UNSIGNED NOT NULL AUTO_INCREMENT, AUTO_INCREMENT=128;

--
-- AUTO_INCREMENT for table `failed_jobs`
--
ALTER TABLE `failed_jobs`
  MODIFY `id` bigint(20) UNSIGNED NOT NULL AUTO_INCREMENT;

--
-- AUTO_INCREMENT for table `invoices`
--
ALTER TABLE `invoices`
  MODIFY `id` bigint(20) UNSIGNED NOT NULL AUTO_INCREMENT, AUTO_INCREMENT=82;

--
-- AUTO_INCREMENT for table `invoice_products`
--
ALTER TABLE `invoice_products`
  MODIFY `id` bigint(20) UNSIGNED NOT NULL AUTO_INCREMENT, AUTO_INCREMENT=206;

--
-- AUTO_INCREMENT for table `jobs`
--
ALTER TABLE `jobs`
  MODIFY `id` bigint(20) UNSIGNED NOT NULL AUTO_INCREMENT;

--
-- AUTO_INCREMENT for table `migrations`
--
ALTER TABLE `migrations`
  MODIFY `id` int(10) UNSIGNED NOT NULL AUTO_INCREMENT, AUTO_INCREMENT=8;

--
-- AUTO_INCREMENT for table `personal_access_tokens`
--
ALTER TABLE `personal_access_tokens`
  MODIFY `id` bigint(20) UNSIGNED NOT NULL AUTO_INCREMENT;

--
-- AUTO_INCREMENT for table `products`
--
ALTER TABLE `products`
  MODIFY `id` bigint(20) UNSIGNED NOT NULL AUTO_INCREMENT, AUTO_INCREMENT=55;

--
-- AUTO_INCREMENT for table `users`
--
ALTER TABLE `users`
  MODIFY `id` bigint(20) UNSIGNED NOT NULL AUTO_INCREMENT, AUTO_INCREMENT=217;

--
-- Constraints for dumped tables
--

--
-- Constraints for table `categories`
--
ALTER TABLE `categories`
  ADD CONSTRAINT `categories_user_id_foreign` FOREIGN KEY (`user_id`) REFERENCES `users` (`id`) ON UPDATE CASCADE;

--
-- Constraints for table `customers`
--
ALTER TABLE `customers`
  ADD CONSTRAINT `customers_user_id_foreign` FOREIGN KEY (`user_id`) REFERENCES `users` (`id`) ON UPDATE CASCADE;

--
-- Constraints for table `invoices`
--
ALTER TABLE `invoices`
  ADD CONSTRAINT `invoices_customer_id_foreign` FOREIGN KEY (`customer_id`) REFERENCES `customers` (`id`) ON UPDATE CASCADE,
  ADD CONSTRAINT `invoices_user_id_foreign` FOREIGN KEY (`user_id`) REFERENCES `users` (`id`) ON UPDATE CASCADE;

--
-- Constraints for table `invoice_products`
--
ALTER TABLE `invoice_products`
  ADD CONSTRAINT `invoice_products_invoice_id_foreign` FOREIGN KEY (`invoice_id`) REFERENCES `invoices` (`id`) ON UPDATE CASCADE,
  ADD CONSTRAINT `invoice_products_product_id_foreign` FOREIGN KEY (`product_id`) REFERENCES `products` (`id`) ON UPDATE CASCADE,
  ADD CONSTRAINT `invoice_products_user_id_foreign` FOREIGN KEY (`user_id`) REFERENCES `users` (`id`) ON UPDATE CASCADE;

--
-- Constraints for table `products`
--
ALTER TABLE `products`
  ADD CONSTRAINT `products_category_id_foreign` FOREIGN KEY (`category_id`) REFERENCES `categories` (`id`) ON UPDATE CASCADE,
  ADD CONSTRAINT `products_user_id_foreign` FOREIGN KEY (`user_id`) REFERENCES `users` (`id`) ON UPDATE CASCADE;
COMMIT;

/*!40101 SET CHARACTER_SET_CLIENT=@OLD_CHARACTER_SET_CLIENT */;
/*!40101 SET CHARACTER_SET_RESULTS=@OLD_CHARACTER_SET_RESULTS */;
/*!40101 SET COLLATION_CONNECTION=@OLD_COLLATION_CONNECTION */;
